﻿NAME,URL,PRICE
"Apple iPhone XR (Black, 64 GB)",/apple-iphone-xr-black-64-gb/p/itmf9z7zxu4uqyz2?pid=MOBF9Z7ZPHGV4GNH&srno=s_1_1&otracker=search&otracker1=search&lid=LSTMOBF9Z7ZPHGV4GNH9IFADQ&fm=organic&iid=8cf738e7-a66a-48aa-852d-5bffd23ca970.MOBF9Z7ZPHGV4GNH.SEARCH&ssid=1sohnidelc0000001568961124370&qH=0b3f45b266a97d70,"₹49,900"
"Apple iPhone XR (White, 64 GB)",/apple-iphone-xr-white-64-gb/p/itmf9z7zhgzkmgm3?pid=MOBF9Z7ZUYC2EYQD&srno=s_1_2&otracker=search&otracker1=search&lid=LSTMOBF9Z7ZUYC2EYQDVYJTIC&fm=organic&iid=1a0127a0-9d0a-4a00-a2b5-ae06193970f6.MOBF9Z7ZUYC2EYQD.SEARCH&ssid=1sohnidelc0000001568961124370&qH=0b3f45b266a97d70,"₹49,900"
"Apple iPhone 6s (Space Grey, 32 GB)",/apple-iphone-6s-space-grey-32-gb/p/itmen2yyjfzpspyg?pid=MOBEN2YYKU9386TQ&srno=s_1_3&otracker=search&otracker1=search&lid=LSTMOBEN2YYKU9386TQCCN1OM&fm=organic&iid=f26a4d3e-3c86-48ce-a5ee-291f686983e0.MOBEN2YYKU9386TQ.SEARCH&ssid=1sohnidelc0000001568961124370&qH=0b3f45b266a97d70,"₹29,799"
"Apple iPhone 6s (Gold, 32 GB)",/apple-iphone-6s-gold-32-gb/p/itmen2yynt6bz3gg?pid=MOBEN2YYQH8PSYXG&srno=s_1_4&otracker=search&otracker1=search&lid=LSTMOBEN2YYQH8PSYXG4TGFKX&fm=organic&iid=13a2ae8b-29ad-42a3-86ad-74f0f6556490.MOBEN2YYQH8PSYXG.SEARCH&ssid=1sohnidelc0000001568961124370&qH=0b3f45b266a97d70,"₹29,799"
"Apple iPhone XR (White, 128 GB)",/apple-iphone-xr-white-128-gb/p/itmf9z7zrz4tbhwm?pid=MOBF9Z7ZZY3HCDZZ&srno=s_1_5&otracker=search&otracker1=search&lid=LSTMOBF9Z7ZZY3HCDZZYYGEUW&fm=organic&iid=a64d20ff-8fe6-49ce-86ca-d4a0c572fb35.MOBF9Z7ZZY3HCDZZ.SEARCH&ssid=1sohnidelc0000001568961124370&qH=0b3f45b266a97d70,"₹54,900"
"Apple iPhone XR (Black, 128 GB)",/apple-iphone-xr-black-128-gb/p/itmf9z7zhdgzwmzm?pid=MOBF9Z7ZYWNFGZUC&srno=s_1_6&otracker=search&otracker1=search&lid=LSTMOBF9Z7ZYWNFGZUCEOHXKN&fm=organic&iid=b43fe0ff-d8c9-409f-9dbc-033c72a52b16.MOBF9Z7ZYWNFGZUC.SEARCH&ssid=1sohnidelc0000001568961124370&qH=0b3f45b266a97d70,"₹54,900"
"Apple iPhone XR ((PRODUCT)RED, 128 GB)",/apple-iphone-xr-product-red-128-gb/p/itmf9z7zbkvjzegf?pid=MOBF9Z7ZHQC23PWQ&srno=s_1_7&otracker=search&otracker1=search&lid=LSTMOBF9Z7ZHQC23PWQUPEBQY&fm=organic&iid=68079390-28d4-4c31-82f9-49d65a525e88.MOBF9Z7ZHQC23PWQ.SEARCH&ssid=1sohnidelc0000001568961124370&qH=0b3f45b266a97d70,"₹54,900"
"Apple iPhone 8 (Space Grey, 64 GB)",/apple-iphone-8-space-grey-64-gb/p/itmexrgvkkvhjhuk?pid=MOBEXRGVPHW9QZ2S&srno=s_1_8&otracker=search&otracker1=search&lid=LSTMOBEXRGVPHW9QZ2SOVJXJ0&fm=organic&iid=a2247d4d-dfe7-47a3-a9d5-a69552c21543.MOBEXRGVPHW9QZ2S.SEARCH&ssid=1sohnidelc0000001568961124370&qH=0b3f45b266a97d70,"₹47,990"
"Apple iPhone 6s (Silver, 32 GB)",/apple-iphone-6s-silver-32-gb/p/itmen2yyhbbky4nu?pid=MOBEN2YYDY9YZHFT&srno=s_1_9&otracker=search&otracker1=search&lid=LSTMOBEN2YYDY9YZHFTMT6VHO&fm=organic&iid=97adb80b-8c2c-4065-9dec-a42a051d6b43.MOBEN2YYDY9YZHFT.SEARCH&ssid=1sohnidelc0000001568961124370&qH=0b3f45b266a97d70,"₹29,799"
"Apple iPhone XR (Coral, 64 GB)",/apple-iphone-xr-coral-64-gb/p/itmf9z7zqzzt7bmv?pid=MOBF9Z7ZAFUMF6AG&srno=s_1_10&otracker=search&otracker1=search&lid=LSTMOBF9Z7ZAFUMF6AG57HRQS&fm=organic&iid=2b1b03ed-27f4-43c8-946f-b615bad87dac.MOBF9Z7ZAFUMF6AG.SEARCH&ssid=1sohnidelc0000001568961124370&qH=0b3f45b266a97d70,"₹49,900"
"Apple iPhone XR (Yellow, 128 GB)",/apple-iphone-xr-yellow-128-gb/p/itmf9z7zufda8hj6?pid=MOBF9Z7ZMQEXTUXJ&srno=s_1_11&otracker=search&otracker1=search&lid=LSTMOBF9Z7ZMQEXTUXJRTP7GV&fm=organic&iid=edf5b514-13de-400d-bec0-9e11645c9b38.MOBF9Z7ZMQEXTUXJ.SEARCH&ssid=1sohnidelc0000001568961124370&qH=0b3f45b266a97d70,"₹54,900"
"Apple iPhone XR ((PRODUCT)RED, 64 GB)",/apple-iphone-xr-product-red-64-gb/p/itmf9z7zhydhtbn5?pid=MOBF9Z7ZRWGTX3FA&srno=s_1_12&otracker=search&otracker1=search&lid=LSTMOBF9Z7ZRWGTX3FAWC8NB0&fm=organic&iid=a9638018-1820-42fa-a9be-f0a3c649184d.MOBF9Z7ZRWGTX3FA.SEARCH&ssid=1sohnidelc0000001568961124370&qH=0b3f45b266a97d70,"₹49,900"
"Apple iPhone XR (Blue, 64 GB)",/apple-iphone-xr-blue-64-gb/p/itmf9z7z4dgvug4h?pid=MOBF9Z7ZPZDS7RKH&srno=s_1_13&otracker=search&otracker1=search&lid=LSTMOBF9Z7ZPZDS7RKHAHDXLO&fm=organic&iid=25260e3f-948f-40a3-874f-f955ab1eb8aa.MOBF9Z7ZPZDS7RKH.SEARCH&ssid=1sohnidelc0000001568961124370&qH=0b3f45b266a97d70,"₹49,900"
"Apple iPhone 8 (Silver, 64 GB)",/apple-iphone-8-silver-64-gb/p/itmexrgvsw7vedwq?pid=MOBEXRGVRZFCMMYD&srno=s_1_14&otracker=search&otracker1=search&lid=LSTMOBEXRGVRZFCMMYDA2PXEI&fm=organic&iid=0cc1db1e-ec8a-42be-b1d4-7f834c9fcaab.MOBEXRGVRZFCMMYD.SEARCH&ssid=1sohnidelc0000001568961124370&qH=0b3f45b266a97d70,"₹39,900"
"Apple iPhone X (Space Gray, 64 GB)",/apple-iphone-x-space-gray-64-gb/p/itmexrgv6hctyrav?pid=MOBEXRGVCMGVCGGQ&srno=s_1_15&otracker=search&otracker1=search&lid=LSTMOBEXRGVCMGVCGGQFLD1LA&fm=organic&iid=088d5705-380b-435d-a2d2-800d1cac9e9d.MOBEXRGVCMGVCGGQ.SEARCH&ssid=1sohnidelc0000001568961124370&qH=0b3f45b266a97d70,"₹69,999"
"Apple iPhone X (Silver, 64 GB)",/apple-iphone-x-silver-64-gb/p/itmexrgvze5as67e?pid=MOBEXRGVF8NHMGXJ&srno=s_1_16&otracker=search&otracker1=search&lid=LSTMOBEXRGVF8NHMGXJIYIKAW&fm=organic&iid=348209ef-8412-4265-a9fe-7da9cba3f9a3.MOBEXRGVF8NHMGXJ.SEARCH&ssid=1sohnidelc0000001568961124370&qH=0b3f45b266a97d70,"₹69,999"
"Apple iPhone XR (Yellow, 64 GB)",/apple-iphone-xr-yellow-64-gb/p/itmf9z7z76tayfaq?pid=MOBF9Z7ZUGQ6YDBH&srno=s_1_17&otracker=search&otracker1=search&lid=LSTMOBF9Z7ZUGQ6YDBH8DBQTX&fm=organic&iid=fed9a4af-bfe2-4411-ad3c-fcd888e41cb7.MOBF9Z7ZUGQ6YDBH.SEARCH&ssid=1sohnidelc0000001568961124370&qH=0b3f45b266a97d70,"₹49,900"
"Apple iPhone XR (Coral, 128 GB)",/apple-iphone-xr-coral-128-gb/p/itmf9z7zgxx5wgez?pid=MOBF9Z7ZS6GF5UAP&srno=s_1_18&otracker=search&otracker1=search&lid=LSTMOBF9Z7ZS6GF5UAP6EED2I&fm=organic&iid=37a66d5f-8c0d-4e21-a284-370ac1ab38b7.MOBF9Z7ZS6GF5UAP.SEARCH&ssid=1sohnidelc0000001568961124370&qH=0b3f45b266a97d70,"₹81,900"
"Apple iPhone 8 Plus (Silver, 64 GB)",/apple-iphone-8-plus-silver-64-gb/p/itmexrgv7yfjbryy?pid=MOBEXRGVQGYYP8FV&srno=s_1_19&otracker=search&otracker1=search&lid=LSTMOBEXRGVQGYYP8FVLEHZU1&fm=organic&iid=853b6d57-cc37-46ad-af38-1b1583dcd20e.MOBEXRGVQGYYP8FV.SEARCH&ssid=1sohnidelc0000001568961124370&qH=0b3f45b266a97d70,"₹60,990"
"Apple iPhone 8 (Silver, 256 GB)",/apple-iphone-8-silver-256-gb/p/itmexrgvae48gzhp?pid=MOBEXRGVMZWUHCBA&srno=s_1_20&otracker=search&otracker1=search&lid=LSTMOBEXRGVMZWUHCBAQHPHEH&fm=organic&iid=47476bcd-e08f-498a-848c-2aa71ed2c033.MOBEXRGVMZWUHCBA.SEARCH&ssid=1sohnidelc0000001568961124370&qH=0b3f45b266a97d70,"₹64,400"
"Apple iPhone 6s (Rose Gold, 32 GB)",/apple-iphone-6s-rose-gold-32-gb/p/itmen2yymnfcrxsz?pid=MOBEN2XYK8WFEGM8&srno=s_1_21&otracker=search&otracker1=search&lid=LSTMOBEN2XYK8WFEGM8QJW5XA&fm=organic&iid=a380effe-c84a-4523-9e31-cbafa9dd5498.MOBEN2XYK8WFEGM8.SEARCH&ssid=1sohnidelc0000001568961124370&qH=0b3f45b266a97d70,"₹29,799"
"Apple iPhone 7 Plus (Red, 128 GB)",/apple-iphone-7-plus-red-128-gb/p/itmetybyhjsxkfwz?pid=MOBESTTFBBFV9KET&srno=s_1_22&otracker=search&otracker1=search&lid=LSTMOBESTTFBBFV9KETEW541S&fm=organic&iid=adf86cd7-6c71-4949-b7b1-8b70094ecd9e.MOBESTTFBBFV9KET.SEARCH&ssid=1sohnidelc0000001568961124370&qH=0b3f45b266a97d70,"₹57,490"
"Apple iPhone 8 Plus (Silver, 256 GB)",/apple-iphone-8-plus-silver-256-gb/p/itmexrgvxatuyrqw?pid=MOBEXRGVGETABXWZ&srno=s_1_23&otracker=search&otracker1=search&lid=LSTMOBEXRGVGETABXWZJ0ZD9D&fm=organic&iid=426b02e0-8121-4e80-b97d-ae5c4bc76459.MOBEXRGVGETABXWZ.SEARCH&ssid=1sohnidelc0000001568961124370&qH=0b3f45b266a97d70,"₹84,900"
"Apple iPhone 8 Plus (Space Grey, 256 GB)",/apple-iphone-8-plus-space-grey-256-gb/p/itmexrgvzkbyqgtf?pid=MOBEXRGVAC6TJT4F&srno=s_1_24&otracker=search&otracker1=search&lid=LSTMOBEXRGVAC6TJT4FVGCYNQ&fm=organic&iid=c39f7986-f6e2-4384-a263-92bb82af5199.MOBEXRGVAC6TJT4F.SEARCH&ssid=1sohnidelc0000001568961124370&qH=0b3f45b266a97d70,"₹70,990"
"Apple iPhone 8 Plus (Space Grey, 256 GB)",/apple-iphone-8-plus-space-grey-256-gb/p/itmexrgvzkbyqgtf?pid=MOBEXRGVAC6TJT4F&srno=s_2_25&otracker=search&otracker1=search&lid=LSTMOBEXRGVAC6TJT4FV9DOPZ&fm=organic&iid=d9559920-c704-4918-be4e-60ec91e0749a.MOBEXRGVAC6TJT4F.SEARCH&ppt=sp&ppn=sp&ssid=qiqwrzy68w0000001568961125909&qH=0b3f45b266a97d70,"₹72,990"
"Apple iPhone XS (Space Grey, 256 GB)",/apple-iphone-xs-space-grey-256-gb/p/itmf944ekrw6mgzf?pid=MOBF944EWY4DHWUD&srno=s_2_26&otracker=search&otracker1=search&lid=LSTMOBF944EWY4DHWUDM6WKZC&fm=organic&iid=57597191-7e47-431b-9154-63afef00690c.MOBF944EWY4DHWUD.SEARCH&ppt=sp&ppn=sp&ssid=qiqwrzy68w0000001568961125909&qH=0b3f45b266a97d70,"₹1,03,900"
"Apple iPhone XS Max (Silver, 512 GB)",/apple-iphone-xs-max-silver-512-gb/p/itmf944eb6mavqhf?pid=MOBF944EZ2CUVGPH&srno=s_2_27&otracker=search&otracker1=search&lid=LSTMOBF944EZ2CUVGPHBHGFBK&fm=organic&iid=7a7347d0-a0a7-4e76-9f73-f581ee302fce.MOBF944EZ2CUVGPH.SEARCH&ppt=sp&ppn=sp&ssid=qiqwrzy68w0000001568961125909&qH=0b3f45b266a97d70,"₹1,15,500"
"Apple iPhone XR (Coral, 256 GB)",/apple-iphone-xr-coral-256-gb/p/itmf9z7zpqsnhggt?pid=MOBF9Z7ZJZ2PKSQQ&srno=s_2_28&otracker=search&otracker1=search&lid=LSTMOBF9Z7ZJZ2PKSQQVYUD8B&fm=organic&iid=ea46979d-48f1-4bf3-933d-d49d5ccdfd54.MOBF9Z7ZJZ2PKSQQ.SEARCH&ppt=sp&ppn=sp&ssid=qiqwrzy68w0000001568961125909&qH=0b3f45b266a97d70,"₹79,900"
"Apple iPhone XR (Blue, 128 GB)",/apple-iphone-xr-blue-128-gb/p/itmf9z7zegyb2ush?pid=MOBF9Z7Z25H88GT9&srno=s_2_29&otracker=search&otracker1=search&lid=LSTMOBF9Z7Z25H88GT98PNV3R&fm=organic&iid=af374697-cdfe-42e1-9e6d-257e636e9859.MOBF9Z7Z25H88GT9.SEARCH&ppt=sp&ppn=sp&ssid=qiqwrzy68w0000001568961125909&qH=0b3f45b266a97d70,"₹63,450"
"Apple iPhone XR (Blue, 256 GB)",/apple-iphone-xr-blue-256-gb/p/itmf9z7zyzwkx8gq?pid=MOBF9Z7ZCN4WPAQG&srno=s_2_30&otracker=search&otracker1=search&lid=LSTMOBF9Z7ZCN4WPAQGCLABZJ&fm=organic&iid=fbb4e93d-9c7b-48bf-b4da-ee0c414e748f.MOBF9Z7ZCN4WPAQG.SEARCH&ppt=sp&ppn=sp&ssid=qiqwrzy68w0000001568961125909&qH=0b3f45b266a97d70,"₹79,990"
"Apple iPhone XR ((PRODUCT)RED, 256 GB)",/apple-iphone-xr-product-red-256-gb/p/itmf9z7zhrh3bx9d?pid=MOBF9Z7Z73CP7TRP&srno=s_2_31&otracker=search&otracker1=search&lid=LSTMOBF9Z7Z73CP7TRPB5P0HH&fm=organic&iid=2f05219c-0e91-40d3-a92e-e16e40ab78b0.MOBF9Z7Z73CP7TRP.SEARCH&ppt=sp&ppn=sp&ssid=qiqwrzy68w0000001568961125909&qH=0b3f45b266a97d70,"₹79,900"
"Apple iPhone XR (Black, 256 GB)",/apple-iphone-xr-black-256-gb/p/itmf9z7zdz6sghsd?pid=MOBF9Z7ZQMFCMUBG&srno=s_2_32&otracker=search&otracker1=search&lid=LSTMOBF9Z7ZQMFCMUBGL28R0X&fm=organic&iid=195413ed-4c56-42a5-8098-e02d1fd5bf02.MOBF9Z7ZQMFCMUBG.SEARCH&ppt=sp&ppn=sp&ssid=qiqwrzy68w0000001568961125909&qH=0b3f45b266a97d70,"₹79,900"
"Apple iPhone XR (Yellow, 256 GB)",/apple-iphone-xr-yellow-256-gb/p/itmf9z7zkvfz8adt?pid=MOBF9Z7ZWPFCEXHS&srno=s_2_33&otracker=search&otracker1=search&lid=LSTMOBF9Z7ZWPFCEXHS4EG2WW&fm=organic&iid=331cd981-087b-4748-9122-b73a69288260.MOBF9Z7ZWPFCEXHS.SEARCH&ppt=sp&ppn=sp&ssid=qiqwrzy68w0000001568961125909&qH=0b3f45b266a97d70,"₹81,900"
"Apple iPhone XS (Gold, 512 GB)",/apple-iphone-xs-gold-512-gb/p/itmf944ephf6hcyk?pid=MOBF944EJH95XRGS&srno=s_2_34&otracker=search&otracker1=search&lid=LSTMOBF944EJH95XRGSS5RMIZ&fm=organic&iid=2989d1d8-1308-44ce-87e0-4df42010bafb.MOBF944EJH95XRGS.SEARCH&ppt=sp&ppn=sp&ssid=qiqwrzy68w0000001568961125909&qH=0b3f45b266a97d70,"₹1,34,900"
"Apple iPhone XR (White, 256 GB)",/apple-iphone-xr-white-256-gb/p/itmf9z7zsx9keyup?pid=MOBF9Z7ZEHAGRKZC&srno=s_2_35&otracker=search&otracker1=search&lid=LSTMOBF9Z7ZEHAGRKZCV8IFHW&fm=organic&iid=8e63d095-b58b-4f17-8cd0-607ea65189fa.MOBF9Z7ZEHAGRKZC.SEARCH&ppt=sp&ppn=sp&ssid=qiqwrzy68w0000001568961125909&qH=0b3f45b266a97d70,"₹79,900"
"Apple iPhone X (Silver, 256 GB)",/apple-iphone-x-silver-256-gb/p/itmexrgv4cgmrxxp?pid=MOBEXRGVVTMF9FYV&srno=s_2_36&otracker=search&otracker1=search&lid=LSTMOBEXRGVVTMF9FYVL2S6ES&fm=organic&iid=dd77f697-07dd-4690-bcb0-611daa9df72e.MOBEXRGVVTMF9FYV.SEARCH&ppt=sp&ppn=sp&ssid=qiqwrzy68w0000001568961125909&qH=0b3f45b266a97d70,"₹70,400"
"Apple iPhone 5C (Pink, 8 GB)",/apple-iphone-5c-pink-8-gb/p/itmffg4gdds5tf7d?pid=MOBDWXZT9JQZ9JFC&srno=s_2_37&otracker=search&otracker1=search&lid=LSTMOBDWXZT9JQZ9JFCNOKVFW&fm=organic&iid=0a6a1c6a-1353-41ba-823e-2189cb63d933.MOBDWXZT9JQZ9JFC.SEARCH&ppt=sp&ppn=sp&ssid=qiqwrzy68w0000001568961125909&qH=0b3f45b266a97d70,"₹31,000"
"Apple iPhone 8 Plus (PRODUCT)RED (Red, 64 GB)",/apple-iphone-8-plus-product-red-red-64-gb/p/itmf46h3hjj5wkbb?pid=MOBF46H3V2HBHY48&srno=s_2_38&otracker=search&otracker1=search&lid=LSTMOBF46H3V2HBHY48XQCZHJ&fm=organic&iid=2c3da637-f9ca-4610-9ecc-6be758a35928.MOBF46H3V2HBHY48.SEARCH&ppt=sp&ppn=sp&ssid=qiqwrzy68w0000001568961125909&qH=0b3f45b266a97d70,"₹53,500"
"Apple iPhone 7 (Black, 32 GB)",/apple-iphone-7-black-32-gb/p/itmen6daftcqwzeg?pid=MOBEMK62PN2HU7EE&srno=s_2_39&otracker=search&otracker1=search&lid=LSTMOBEMK62PN2HU7EEINTGNU&fm=organic&iid=0a8f85d2-70e4-4f60-bf4a-e3b73cf69ede.MOBEMK62PN2HU7EE.SEARCH&ppt=sp&ppn=sp&ssid=qiqwrzy68w0000001568961125909&qH=0b3f45b266a97d70,"₹29,900"
"Apple iPhone 7 (Silver, 32 GB)",/apple-iphone-7-silver-32-gb/p/itmen6dawz2g5dry?pid=MOBEMK62HSQDSGGF&srno=s_2_40&otracker=search&otracker1=search&lid=LSTMOBEMK62HSQDSGGFHXPMBD&fm=organic&iid=0d403096-8ca6-46c4-a3b7-b91bc3daf8e0.MOBEMK62HSQDSGGF.SEARCH&ppt=sp&ppn=sp&ssid=qiqwrzy68w0000001568961125909&qH=0b3f45b266a97d70,"₹29,900"
"Apple iPhone 7 (Rose Gold, 32 GB)",/apple-iphone-7-rose-gold-32-gb/p/itmen6dapsvxanrk?pid=MOBEMK62JSRHU85T&srno=s_2_41&otracker=search&otracker1=search&lid=LSTMOBEMK62JSRHU85TIU9DKW&fm=organic&iid=6fc8869a-d305-48d0-bff2-d036303cc591.MOBEMK62JSRHU85T.SEARCH&ppt=sp&ppn=sp&ssid=qiqwrzy68w0000001568961125909&qH=0b3f45b266a97d70,"₹29,900"
"Apple iPhone 7 (Gold, 32 GB)",/apple-iphone-7-gold-32-gb/p/itmen6daf99nhhjz?pid=MOBEMK62HZHC6TFU&srno=s_2_42&otracker=search&otracker1=search&lid=LSTMOBEMK62HZHC6TFUHGVQFY&fm=organic&iid=b4822802-e9f6-4041-9dcc-7a711aefee05.MOBEMK62HZHC6TFU.SEARCH&ppt=sp&ppn=sp&ssid=qiqwrzy68w0000001568961125909&qH=0b3f45b266a97d70,"₹29,900"
"Apple iPhone 7 Plus (Black, 32 GB)",/apple-iphone-7-plus-black-32-gb/p/itmen6davhyetcwf?pid=MOBEMK6289R7UFQH&srno=s_2_43&otracker=search&otracker1=search&lid=LSTMOBEMK6289R7UFQHATZSZL&fm=organic&iid=4f2e253f-66b9-4525-9974-b2213d056769.MOBEMK6289R7UFQH.SEARCH&ppt=sp&ppn=sp&ssid=qiqwrzy68w0000001568961125909&qH=0b3f45b266a97d70,"₹37,900"
"Apple iPhone 7 Plus (Silver, 32 GB)",/apple-iphone-7-plus-silver-32-gb/p/itmen6dahakng9a3?pid=MOBEMK6FDBZQZEAP&srno=s_2_44&otracker=search&otracker1=search&lid=LSTMOBEMK6FDBZQZEAP2QE2ZZ&fm=organic&iid=f5a1f0cd-73c0-463c-b4f1-a31c29e09ced.MOBEMK6FDBZQZEAP.SEARCH&ppt=sp&ppn=sp&ssid=qiqwrzy68w0000001568961125909&qH=0b3f45b266a97d70,"₹37,900"
"Apple iPhone 11 Pro Max (Gold, 512 GB)",/apple-iphone-11-pro-max-gold-512-gb/p/itm01d0dc585bc07?pid=MOBFKCTS7VC3WH8P&srno=s_2_45&otracker=search&otracker1=search&lid=LSTMOBFKCTS7VC3WH8P4NOEIN&fm=organic&iid=806fcb10-366a-4d7d-a777-38b581ed9f0a.MOBFKCTS7VC3WH8P.SEARCH&ppt=sp&ppn=sp&ssid=qiqwrzy68w0000001568961125909&qH=0b3f45b266a97d70,"₹1,41,900"
"Apple iPhone 11 Pro (Space Grey, 64 GB)",/apple-iphone-11-pro-space-grey-64-gb/p/itm7e24c1c560208?pid=MOBFKCTSAYWUW8HP&srno=s_2_46&otracker=search&otracker1=search&lid=LSTMOBFKCTSAYWUW8HPFZOXOU&fm=organic&iid=79784405-f3e1-480f-a576-401a070f02e5.MOBFKCTSAYWUW8HP.SEARCH&ppt=sp&ppn=sp&ssid=qiqwrzy68w0000001568961125909&qH=0b3f45b266a97d70,"₹99,900"
"Apple iPhone 7 Plus (Gold, 32 GB)",/apple-iphone-7-plus-gold-32-gb/p/itmen6daschjypr3?pid=MOBEMK62YVHPH7MV&srno=s_2_47&otracker=search&otracker1=search&lid=LSTMOBEMK62YVHPH7MV09FRMG&fm=organic&iid=69c25383-3864-4190-b667-7937e9417158.MOBEMK62YVHPH7MV.SEARCH&ppt=sp&ppn=sp&ssid=qiqwrzy68w0000001568961125909&qH=0b3f45b266a97d70,"₹37,900"
"Apple iPhone 11 (Red, 128 GB)",/apple-iphone-11-red-128-gb/p/itmfb0dabc53df3f?pid=MOBFKCTS3ZVSZ3WP&srno=s_2_48&otracker=search&otracker1=search&lid=LSTMOBFKCTS3ZVSZ3WPLKGDHP&fm=organic&iid=28ea322b-c5fc-4d43-a589-d88824b11a44.MOBFKCTS3ZVSZ3WP.SEARCH&ppt=sp&ppn=sp&ssid=qiqwrzy68w0000001568961125909&qH=0b3f45b266a97d70,"₹69,900"
